config_id,depth,width,probe_width,seed,steps,max_chain,premature_fire_count,trigger_opportunities,trigger_loss_count,game_over_before_limit,score_carry,sent_ojama,decision_p50_ms,decision_p95_ms
d6-w24-p8,6,24,8,123,40,10,0,31,9,False,30,809,637.4629310157616,859.6781683823791
d6-w24-p8,6,24,8,124,40,2,2,30,10,False,50,5,609.0497685072478,828.3971788740018
d6-w24-p8,6,24,8,125,40,10,0,30,11,False,50,627,694.9632404721342,819.1832759708631
d6-w24-p8,6,24,8,126,40,6,1,32,12,False,20,218,626.6448844980914,787.6429242431186
d6-w24-p8,6,24,8,127,40,10,0,27,11,False,20,813,649.1829805017915,849.7875481407389
d6-w24-p8,6,24,8,128,40,4,1,31,8,False,30,43,621.1932199657895,776.0647331364453
d6-w24-p8,6,24,8,129,40,0,0,31,13,False,0,0,615.4326489777304,766.7726678744656
d6-w24-p8,6,24,8,130,40,1,1,29,11,False,40,0,626.3486025272869,766.6294918832135
d6-w24-p8,6,24,8,131,40,10,0,29,11,False,50,858,632.1411850221921,773.5503255913499
d6-w24-p8,6,24,8,132,40,8,1,31,12,False,0,466,616.5719220007304,800.967002409743
d6-w24-p8,6,24,8,133,40,0,0,27,7,False,0,0,590.2318084845319,797.3257185891271
d6-w24-p8,6,24,8,134,40,9,1,28,13,False,10,603,634.2316990194377,820.2376052475299
d6-w24-p8,6,24,8,135,40,1,1,33,12,False,10,1,598.4406864736229,799.3875987129286
d6-w24-p8,6,24,8,136,40,11,0,35,10,False,0,860,645.2343204873614,744.5703339966711
d6-w24-p8,6,24,8,137,40,3,1,31,13,False,0,39,631.937227997696,819.407970990869
d6-w24-p8,6,24,8,138,40,1,1,28,12,False,40,0,618.2398835080676,796.5182678075506
d6-w24-p8,6,24,8,139,40,2,1,33,16,False,40,8,598.2878869981505,782.4367978580995
d6-w24-p8,6,24,8,140,40,2,1,31,7,False,0,8,628.6484719894361,825.3534813527949
d6-w24-p8,6,24,8,141,40,10,0,32,5,False,40,588,684.1844950104132,810.8443648612592
d6-w24-p8,6,24,8,142,40,2,2,29,13,False,50,5,530.4272469657008,811.0722157696728
d6-w24-p8,6,24,8,143,40,10,0,32,12,False,40,750,643.3018285024446,839.8644568573218
d6-w24-p8,6,24,8,144,40,11,0,30,7,False,40,1046,627.2359614958987,733.6627312033669
d6-w24-p8,6,24,8,145,40,6,1,32,9,False,60,142,625.6051720120013,824.0323458390776
d6-w24-p8,6,24,8,146,40,10,0,33,7,False,20,618,641.4940734975971,849.0955350978766
d6-w24-p8,6,24,8,147,40,1,1,32,11,False,30,3,569.9744345038198,719.3173837120412
d6-w24-p8,6,24,8,148,40,12,0,30,11,False,0,942,595.3147404943593,712.0594461797737
d6-w24-p8,6,24,8,149,40,2,1,33,12,False,10,5,527.8272984724026,676.6449196875328
d6-w24-p8,6,24,8,150,40,10,0,31,14,False,20,753,534.6332119952422,700.7084886572557
d6-w24-p8,6,24,8,151,40,2,1,32,11,False,40,8,559.5650035247672,679.7197561245412
d6-w24-p8,6,24,8,152,39,0,0,26,11,True,0,0,551.9486669800244,720.3981652972288
d6-w24-p16,6,24,16,123,40,3,1,32,10,False,0,32,713.5744114930276,926.7668638349277
d6-w24-p16,6,24,16,124,40,0,0,30,12,False,0,0,721.3431364798453,927.6345824560848
d6-w24-p16,6,24,16,125,40,11,0,33,14,False,60,828,681.0982074821368,933.1021946010876
d6-w24-p16,6,24,16,126,40,11,0,27,9,False,30,973,689.0850519994274,856.5834678069223
d6-w24-p16,6,24,16,127,40,10,0,31,12,False,20,754,705.6670585006941,937.1705366385866
d6-w24-p16,6,24,16,128,40,4,1,29,9,False,20,44,613.839260477107,875.1942059316207
d6-w24-p16,6,24,16,129,40,10,0,29,9,False,40,572,659.3392215145286,815.8698448125505
d6-w24-p16,6,24,16,130,40,1,1,30,14,False,30,1,650.3587929764763,848.5185227647887
d6-w24-p16,6,24,16,131,40,1,1,32,13,False,30,1,691.668806510279,919.4828433217481
d6-w24-p16,6,24,16,132,40,3,1,32,9,False,60,29,732.9232804768253,972.7142574469326
d6-w24-p16,6,24,16,133,40,1,1,30,13,False,40,0,668.3073925087228,903.768666886026
d6-w24-p16,6,24,16,134,40,1,1,30,12,False,40,0,673.8013729918748,888.819322179188
d6-w24-p16,6,24,16,135,40,1,1,30,14,False,10,1,632.0137829752639,876.2697828933597
d6-w24-p16,6,24,16,136,40,0,0,30,14,False,0,0,621.1946095281746,889.9965278425951
d6-w24-p16,6,24,16,137,40,2,1,30,11,False,0,11,659.3472904933151,857.2177123336586
d6-w24-p16,6,24,16,138,40,1,2,30,10,False,10,1,719.2621775029693,915.2623484813375
d6-w24-p16,6,24,16,139,40,3,1,34,16,False,30,21,648.2327060075477,847.9477036657045
d6-w24-p16,6,24,16,140,40,0,0,29,13,False,0,0,717.793461488327,925.817273010034
d6-w24-p16,6,24,16,141,40,2,1,32,11,False,10,5,638.9152164920233,930.735335193458
d6-w24-p16,6,24,16,142,40,0,0,31,12,False,0,0,677.3345325200353,900.8847421297104
d6-w24-p16,6,24,16,143,40,0,0,25,14,False,0,0,665.4247369733639,827.7982960891676
d6-w24-p16,6,24,16,144,40,9,1,33,10,False,30,463,657.9874384915456,902.5499429641059
d6-w24-p16,6,24,16,145,40,5,1,30,13,False,0,100,680.541448033182,867.3269527091179
d6-w24-p16,6,24,16,146,40,1,1,31,10,False,30,3,673.6014224879909,830.3413949062815
d6-w24-p16,6,24,16,147,40,10,0,31,11,False,50,682,593.9212964731269,786.2313807359897
d6-w24-p16,6,24,16,148,40,4,1,30,12,False,50,89,636.0975135175977,814.3048571742838
d6-w24-p16,6,24,16,149,40,0,0,31,14,False,0,0,629.0902270120569,757.5059421884362
d6-w24-p16,6,24,16,150,40,10,0,31,11,False,40,670,617.8316739969887,795.6664532393916
d6-w24-p16,6,24,16,151,40,3,1,32,12,False,20,14,636.7598120414186,776.0555324930464
d6-w24-p16,6,24,16,152,40,2,1,26,13,False,10,5,574.1910120123066,817.1048898162552
d6-w32-p8,6,32,8,123,40,11,0,33,6,False,30,949,767.451923515182,936.4556853397515
d6-w32-p8,6,32,8,124,40,1,1,31,10,False,40,0,743.3996379841119,983.7679531832691
d6-w32-p8,6,32,8,125,40,13,0,29,11,False,20,1257,750.4156169889029,1008.505079956376
d6-w32-p8,6,32,8,126,40,10,0,34,7,False,30,711,767.4797065265011,973.4890901861945
d6-w32-p8,6,32,8,127,40,0,0,32,10,False,0,0,737.6901640091091,933.4103508095722
d6-w32-p8,6,32,8,128,40,6,1,29,10,False,0,146,762.9196749767289,922.3637490533292
d6-w32-p8,6,32,8,129,40,10,0,30,9,False,10,573,747.7347470121458,1024.15184447309
d6-w32-p8,6,32,8,130,40,11,0,29,7,False,20,798,783.9825304981787,1000.3257952834247
d6-w32-p8,6,32,8,131,40,5,1,31,14,False,0,84,738.805221975781,993.9482445071917
d6-w32-p8,6,32,8,132,40,11,0,30,13,False,50,1032,737.0225114864297,946.7303134093527
d6-w32-p8,6,32,8,133,40,0,0,29,9,False,0,0,747.0798289868981,914.5838371478021
d6-w32-p8,6,32,8,134,40,3,1,30,13,False,30,33,767.4996285059024,970.8290611277334
d6-w32-p8,6,32,8,135,40,1,1,32,12,False,10,1,659.6553055278491,1040.4440103913657
d6-w32-p8,6,32,8,136,40,2,1,32,12,False,40,20,754.1207089961972,966.0738913400564
d6-w32-p8,6,32,8,137,39,1,1,27,10,True,40,0,732.0979069918394,979.8034774954432
d6-w32-p8,6,32,8,138,40,1,1,33,12,False,30,1,743.3623505057767,991.300047346158
d6-w32-p8,6,32,8,139,40,1,2,32,13,False,10,1,733.4490850334987,967.8286374837626
d6-w32-p8,6,32,8,140,40,10,0,31,11,False,0,590,834.827991493512,991.705643365276
d6-w32-p8,6,32,8,141,40,1,1,33,10,False,30,1,790.0075154902879,1029.766964665032
d6-w32-p8,6,32,8,142,40,10,0,30,10,False,0,661,794.330569478916,1076.3520854758099
d6-w32-p8,6,32,8,143,40,11,0,30,12,False,40,874,765.5234354897402,1055.0437102268913
d6-w32-p8,6,32,8,144,40,10,0,29,8,False,20,1041,790.2029395045247,897.4153394985477
d6-w32-p8,6,32,8,145,40,4,1,28,12,False,30,35,794.4085215276573,1010.6488466495647
d6-w32-p8,6,32,8,146,40,2,1,31,7,False,0,16,707.382548978785,929.5592141250381
d6-w32-p8,6,32,8,147,40,11,0,33,12,False,20,840,741.4696375199128,918.5802869847976
d6-w32-p8,6,32,8,148,40,0,0,32,11,False,0,0,686.7408100224566,924.0289715962717
d6-w32-p8,6,32,8,149,40,2,2,31,12,False,50,5,708.7062160135247,862.3143213219009
d6-w32-p8,6,32,8,150,40,12,0,27,14,False,10,1106,674.5007629797328,840.4560453345766
d6-w32-p8,6,32,8,151,40,2,1,31,12,False,0,6,622.5915620161686,885.0261164625408
d6-w32-p8,6,32,8,152,40,10,0,31,12,False,10,597,685.9837524825707,868.565495297662
d6-w32-p16,6,32,16,123,40,10,0,30,6,False,20,755,896.5812330134213,1093.3273678587284
d6-w32-p16,6,32,16,124,40,6,1,32,10,False,30,191,862.1818834799342,1146.469149630866
d6-w32-p16,6,32,16,125,40,10,0,31,13,False,0,530,887.4067289871164,1118.3479714993155
d6-w32-p16,6,32,16,126,40,10,0,32,11,False,20,580,854.9650214845315,1103.5127257317072
d6-w32-p16,6,32,16,127,40,10,0,33,8,False,40,548,866.6148944757879,1081.9367904332466
d6-w32-p16,6,32,16,128,40,13,0,29,9,False,40,1390,787.3388400184922,1091.9316259329207
d6-w32-p16,6,32,16,129,40,11,0,30,8,False,20,774,887.1987690217793,1115.006646714755
d6-w32-p16,6,32,16,130,40,10,0,32,12,False,20,664,872.0216320361942,1104.8746149754152
d6-w32-p16,6,32,16,131,39,0,0,30,13,True,0,0,779.9817860359326,1049.3043321068399
d6-w32-p16,6,32,16,132,40,3,1,32,9,False,60,29,862.5291805074085,1175.8465471386444
d6-w32-p16,6,32,16,133,40,11,0,31,8,False,30,987,862.1880964783486,1071.3176930090412
d6-w32-p16,6,32,16,134,40,0,0,29,13,False,0,0,836.767691973364,1094.8470372124575
d6-w32-p16,6,32,16,135,40,1,2,31,12,False,40,2,768.8105395063758,1115.1825670851395
d6-w32-p16,6,32,16,136,40,1,1,31,12,False,30,1,766.2417195097078,1063.8456044951454
d6-w32-p16,6,32,16,137,40,10,0,29,10,False,20,737,840.8832024724688,1107.0721749216318
d6-w32-p16,6,32,16,138,40,10,2,29,10,False,0,668,802.5308000214864,1199.639204266714
d6-w32-p16,6,32,16,139,40,10,0,28,11,False,30,737,887.1214004757348,1169.903687509941
d6-w32-p16,6,32,16,140,40,10,0,32,10,False,0,590,891.4886919956189,1098.787917123991
d6-w32-p16,6,32,16,141,40,11,0,30,7,False,20,794,819.2775365023408,1054.4831478706328
d6-w32-p16,6,32,16,142,40,10,0,29,11,False,20,818,876.9925825181417,1127.4805021617792
d6-w32-p16,6,32,16,143,40,10,0,24,14,False,60,955,834.8260860075243,1009.2304097313897
d6-w32-p16,6,32,16,144,40,3,2,32,8,False,10,53,822.4737409909721,989.180219481932
d6-w32-p16,6,32,16,145,40,10,0,27,7,False,60,692,855.1272345066536,1181.5857684065122
d6-w32-p16,6,32,16,146,40,2,1,32,9,False,30,19,863.0886934988666,1166.9494479021523
d6-w32-p16,6,32,16,147,40,10,0,33,10,False,50,682,759.477745537879,925.2225517120678
d6-w32-p16,6,32,16,148,40,4,1,32,13,False,30,33,749.454015516676,951.3754450599663
d6-w32-p16,6,32,16,149,40,2,2,31,12,False,50,5,755.760457017459,1009.9662576016271
d6-w32-p16,6,32,16,150,40,11,0,30,11,False,60,878,788.682593498379,1072.5929116510088
d6-w32-p16,6,32,16,151,40,1,2,28,10,False,10,1,740.5887870118022,984.8609634151217
d6-w32-p16,6,32,16,152,40,10,0,29,12,False,20,704,751.7399435164407,937.6270194014069
d6-w48-p8,6,48,8,123,40,11,0,32,13,False,10,783,1038.5989875067025,1315.8285154175246
d6-w48-p8,6,48,8,124,40,2,2,28,11,False,50,5,1026.1024564970285,1378.156048679375
d6-w48-p8,6,48,8,125,40,11,0,32,11,False,50,767,1095.9941195033025,1402.8648375999182
d6-w48-p8,6,48,8,126,40,11,0,29,9,False,10,1052,1037.8899579809513,1460.9905023826284
d6-w48-p8,6,48,8,127,40,10,0,28,9,False,50,822,1031.7453760071658,1495.5341010470875
d6-w48-p8,6,48,8,128,40,4,1,29,10,False,40,40,1064.8324649955612,1350.4545828443952
d6-w48-p8,6,48,8,129,40,4,1,31,12,False,30,115,1107.8600710025057,1446.2327470799207
d6-w48-p8,6,48,8,130,40,10,0,28,13,False,60,756,1041.5519354864955,1355.4071046644822
d6-w48-p8,6,48,8,131,40,10,0,31,9,False,10,732,1072.432252985891,1470.5542417941613
d6-w48-p8,6,48,8,132,40,2,2,30,10,False,60,16,1112.1620510239154,1461.624444439076
d6-w48-p8,6,48,8,133,40,11,0,27,9,False,0,800,1089.6618705010042,1421.8729245621944
d6-w48-p8,6,48,8,134,40,1,1,30,13,False,40,2,1034.163313015597,1321.6343334614066
d6-w48-p8,6,48,8,135,40,10,1,30,10,False,60,786,926.8062324845232,1441.8915039597778
d6-w48-p8,6,48,8,136,40,1,1,31,9,False,40,0,1032.553958997596,1334.8332300811308
d6-w48-p8,6,48,8,137,40,0,0,31,11,False,0,0,1007.4054005090147,1337.9771087609697
d6-w48-p8,6,48,8,138,40,2,2,32,9,False,50,5,1012.1979440154973,1346.5346936020069
d6-w48-p8,6,48,8,139,40,1,1,32,15,False,40,0,1115.126500488259,1385.9315404755762
d6-w48-p8,6,48,8,140,40,13,0,26,7,False,10,1241,1062.9343445179984,1334.04176265758
d6-w48-p8,6,48,8,141,40,10,0,33,8,False,0,830,1049.7739294951316,1339.296145096887
d6-w48-p8,6,48,8,142,40,10,0,28,12,False,0,775,1120.5756025156006,1410.3780272882432
d6-w48-p8,6,48,8,143,40,1,1,27,12,False,30,1,956.8364865262993,1372.1981779206544
d6-w48-p8,6,48,8,144,40,8,1,32,11,False,20,416,1081.9027750112582,1441.2827554770047
d6-w48-p8,6,48,8,145,40,1,1,31,10,False,30,1,1022.6990619848948,1363.7282231036804
d6-w48-p8,6,48,8,146,40,12,0,30,10,False,60,1046,959.3305834860075,1303.4657059353776
d6-w48-p8,6,48,8,147,40,1,1,30,12,False,40,0,1013.954238005681,1216.4566120423842
d6-w48-p8,6,48,8,148,40,3,1,31,10,False,0,18,930.3238890133798,1197.5144493597327
d6-w48-p8,6,48,8,149,40,10,1,29,12,False,60,1069,981.2205475172959,1253.8227766781347
d6-w48-p8,6,48,8,150,40,5,1,30,14,False,20,123,940.1374965091236,1218.4064217144623
d6-w48-p8,6,48,8,151,40,6,1,32,9,False,0,188,922.0590594923124,1140.927133563673
d6-w48-p8,6,48,8,152,39,0,0,23,10,True,0,0,921.5292329899967,1155.2832485118415
d6-w48-p16,6,48,16,123,40,11,0,31,10,False,10,1047,1168.0199859838467,1497.7684257290093
d6-w48-p16,6,48,16,124,40,2,1,27,8,False,10,5,1096.0038489720318,1470.2226248831719
d6-w48-p16,6,48,16,125,40,10,0,29,10,False,20,875,1140.181873983238,1451.0088461916894
d6-w48-p16,6,48,16,126,40,11,0,33,12,False,30,922,1112.0363514928613,1540.3502395172834
d6-w48-p16,6,48,16,127,40,10,0,29,13,False,30,1123,1101.0680534818675,1474.4429230253443
d6-w48-p16,6,48,16,128,40,10,0,31,9,False,60,598,1131.0631079832092,1397.1581792604409
d6-w48-p16,6,48,16,129,40,4,1,29,10,False,20,44,1027.5995545380283,1324.960268990253
d6-w48-p16,6,48,16,130,40,11,0,30,10,False,10,816,1083.4493279689923,1388.434179240721
d6-w48-p16,6,48,16,131,40,1,1,29,14,False,40,0,1095.0606295082252,1546.6728874278488
d6-w48-p16,6,48,16,132,40,1,1,32,10,False,40,0,1113.5095049976371,1409.0463476721197
d6-w48-p16,6,48,16,133,40,10,0,30,13,False,40,817,1149.9635505024344,1403.2116890070029
d6-w48-p16,6,48,16,134,40,2,1,25,11,False,10,5,1045.250331517309,1335.7710384996608
d6-w48-p16,6,48,16,135,40,11,1,30,11,False,50,817,1158.108916511992,1544.867262645857
d6-w48-p16,6,48,16,136,40,0,0,33,12,False,0,0,1053.2985189638566,1410.8103168808157
d6-w48-p16,6,48,16,137,40,12,0,28,7,False,0,1016,1152.1468884893693,1589.589701947989
d6-w48-p16,6,48,16,138,40,2,1,34,11,False,10,5,1072.5154125248082,1529.6786917519055
d6-w48-p16,6,48,16,139,40,10,0,36,9,False,0,596,1177.1654929907527,1515.4846875084331
d6-w48-p16,6,48,16,140,40,10,0,32,9,False,50,637,1188.1425559986383,1522.9645359475396
d6-w48-p16,6,48,16,141,40,2,1,30,4,False,10,7,1058.6232849746011,1357.7326263592113
d6-w48-p16,6,48,16,142,40,10,0,28,12,False,0,775,1214.6470434963703,1566.4181678730529
d6-w48-p16,6,48,16,143,40,10,0,27,9,False,60,631,965.9702760109212,1374.4828286871777
d6-w48-p16,6,48,16,144,40,3,1,34,12,False,30,27,1133.897456486011,1490.3933331166627
d6-w48-p16,6,48,16,145,40,0,0,24,9,False,0,0,1215.0555324624293,1504.656780703226
d6-w48-p16,6,48,16,146,40,10,0,26,9,False,40,827,1164.3921740178484,1430.01767587848
d6-w48-p16,6,48,16,147,40,11,0,29,11,False,0,822,1139.0885235159658,1364.0087651496287
d6-w48-p16,6,48,16,148,40,10,0,30,9,False,40,714,1063.6865250125993,1287.1009430120466
d6-w48-p16,6,48,16,149,40,11,0,28,12,False,20,754,1088.8003865256906,1427.1030266361777
d6-w48-p16,6,48,16,150,40,10,0,32,10,False,40,686,1046.5668055112474,1324.5496014103992
d6-w48-p16,6,48,16,151,40,11,0,28,9,False,20,842,1030.779716995312,1307.0214547682551
d6-w48-p16,6,48,16,152,40,10,0,23,15,False,30,699,1039.2291960015427,1253.0514338373905
d8-w24-p8,8,24,8,123,40,10,0,30,9,False,60,762,914.1359349887352,1214.3706073227804
d8-w24-p8,8,24,8,124,40,10,0,33,10,False,0,576,895.6482064968441,1058.3617911819601
d8-w24-p8,8,24,8,125,40,2,1,29,15,False,0,8,796.8720205244608,1080.3054490999782
d8-w24-p8,8,24,8,126,40,10,0,32,10,False,50,871,864.8790594888851,1067.1265845914604
d8-w24-p8,8,24,8,127,40,10,0,31,7,False,0,739,852.9594270221423,1121.7446878756164
d8-w24-p8,8,24,8,128,40,4,1,29,9,False,60,56,875.4808864905499,1232.3323347780388
d8-w24-p8,8,24,8,129,40,4,1,32,9,False,60,131,810.09145398275,1038.6367000901373
d8-w24-p8,8,24,8,130,40,1,1,29,11,False,40,0,863.896865514107,1047.7865230874158
d8-w24-p8,8,24,8,131,39,0,0,30,7,True,0,0,845.7131009781733,1157.839080604026
d8-w24-p8,8,24,8,132,40,11,0,31,7,False,40,802,894.1325550258625,1144.9104377737965
d8-w24-p8,8,24,8,133,40,1,1,27,13,False,40,0,826.2308165139984,1074.4846673071152
d8-w24-p8,8,24,8,134,40,1,1,30,12,False,30,1,891.9462274934631,1202.8506155271316
d8-w24-p8,8,24,8,135,40,1,2,32,10,False,50,1,794.6813350135926,1097.017393144779
d8-w24-p8,8,24,8,136,40,6,1,32,12,False,60,192,829.0428159816656,1114.0342948725447
d8-w24-p8,8,24,8,137,40,3,1,31,12,False,20,26,843.0449489678722,1086.7362285091076
d8-w24-p8,8,24,8,138,40,6,1,27,10,False,10,197,930.9494234912563,1095.268624293385
d8-w24-p8,8,24,8,139,40,10,0,28,11,False,50,533,940.5444200092461,1143.5608470492298
d8-w24-p8,8,24,8,140,40,6,1,33,12,False,40,140,891.6823844774626,1030.1730233739363
d8-w24-p8,8,24,8,141,40,5,1,25,7,False,20,181,874.228384491289,1129.613050271291
d8-w24-p8,8,24,8,142,40,10,0,31,12,False,20,788,816.2187004927546,1103.0236118705943
d8-w24-p8,8,24,8,143,40,2,1,29,14,False,10,5,855.7253400213085,1077.7170645451406
d8-w24-p8,8,24,8,144,40,11,0,33,8,False,10,809,872.0818650035653,1049.3562444171403
d8-w24-p8,8,24,8,145,40,7,1,30,13,False,60,218,859.9524879828095,1097.206213948084
d8-w24-p8,8,24,8,146,40,10,0,28,7,False,0,712,836.3330340071116,1151.8327937636057
d8-w24-p8,8,24,8,147,40,0,0,26,12,False,0,0,817.4845374887809,1031.8345625622896
d8-w24-p8,8,24,8,148,40,13,0,32,11,False,10,1077,802.0813100156374,939.9783226341241
d8-w24-p8,8,24,8,149,40,11,0,30,12,False,30,827,829.4582904782146,946.8390597292455
d8-w24-p8,8,24,8,150,40,0,0,33,12,False,0,0,828.4104659978766,971.3258434814634
d8-w24-p8,8,24,8,151,40,3,1,29,10,False,10,19,790.8731164934579,999.3079095613211
d8-w24-p8,8,24,8,152,40,4,1,29,11,False,40,38,794.6769854752347,1021.5834597067442
d8-w24-p16,8,24,16,123,40,3,1,32,10,False,0,32,1016.3100024801679,1267.5442999840016
d8-w24-p16,8,24,16,124,40,10,1,32,9,False,20,664,903.7429839954711,1289.0460613532923
d8-w24-p16,8,24,16,125,40,10,0,32,10,False,0,634,1015.2844094845932,1271.491721959319
d8-w24-p16,8,24,16,126,40,2,1,30,10,False,0,6,894.1809190146159,1080.5693200149105
d8-w24-p16,8,24,16,127,40,0,0,26,10,False,0,0,888.7866790173575,1122.36279224162
d8-w24-p16,8,24,16,128,40,2,1,28,9,False,50,7,927.6378505164757,1210.4237011779333
d8-w24-p16,8,24,16,129,40,1,2,31,12,False,10,1,873.2362425071187,1145.7780209311748
d8-w24-p16,8,24,16,130,40,2,1,26,14,False,50,7,930.8032389963046,1212.0673400757369
d8-w24-p16,8,24,16,131,40,0,0,28,7,False,0,0,880.9226854646113,1281.6953127505255
d8-w24-p16,8,24,16,132,40,1,1,30,8,False,40,0,1010.0484105059877,1278.0623557831857
d8-w24-p16,8,24,16,133,40,11,0,24,11,False,40,1180,957.5068414851557,1216.2760335893834
d8-w24-p16,8,24,16,134,40,1,1,32,11,False,40,0,965.5715260014404,1207.773508768878
d8-w24-p16,8,24,16,135,40,1,1,33,10,False,10,1,870.5179859825876,1180.2695969032357
d8-w24-p16,8,24,16,136,40,1,2,33,11,False,0,2,914.8430345230736,1192.089211885468
d8-w24-p16,8,24,16,137,40,1,2,28,15,False,10,1,818.8131939677987,1134.6945444936864
d8-w24-p16,8,24,16,138,40,1,1,26,9,False,30,1,976.3458620291203,1234.1664725099688
d8-w24-p16,8,24,16,139,40,3,1,34,13,False,40,42,970.5602854664903,1202.9639123007653
d8-w24-p16,8,24,16,140,40,7,1,35,11,False,40,288,983.8815029943362,1161.4085542823886
d8-w24-p16,8,24,16,141,40,2,1,29,9,False,30,13,895.7909334858414,1310.273669217713
d8-w24-p16,8,24,16,142,40,10,0,32,10,False,10,763,997.7542249835096,1272.0380366052268
d8-w24-p16,8,24,16,143,40,0,0,31,13,False,0,0,952.3960275109857,1249.444114670041
d8-w24-p16,8,24,16,144,40,10,0,30,9,False,40,806,966.8655685090926,1269.3753399711568
d8-w24-p16,8,24,16,145,40,0,0,28,13,False,0,0,987.7555410203058,1172.2439873032272
d8-w24-p16,8,24,16,146,40,10,0,30,10,False,60,977,929.8071934899781,1152.6951105275655
d8-w24-p16,8,24,16,147,40,1,1,27,11,False,30,1,933.4437630313914,1121.7208226560615
d8-w24-p16,8,24,16,148,40,10,0,31,11,False,60,666,877.3536795051768,1044.4959258660674
d8-w24-p16,8,24,16,149,40,12,0,31,11,False,50,1070,892.3560284893028,1061.7450927296886
d8-w24-p16,8,24,16,150,40,0,0,33,15,False,0,0,887.8360415110365,1072.9590061848285
d8-w24-p16,8,24,16,151,40,10,0,33,8,False,50,735,853.9351600047667,1053.663161181612
d8-w24-p16,8,24,16,152,40,1,1,30,9,False,40,0,819.9200255039614,1100.8943855937105
d8-w32-p8,8,32,8,123,40,10,0,33,11,False,40,574,1188.4638390038162,1389.6018096391344
d8-w32-p8,8,32,8,124,40,1,2,33,7,False,0,2,994.7926424792968,1410.2627948130248
d8-w32-p8,8,32,8,125,40,3,1,28,12,False,20,14,1092.939956986811,1503.0647381965537
d8-w32-p8,8,32,8,126,40,2,1,33,13,False,10,5,1022.5128300080542,1363.1483288103482
d8-w32-p8,8,32,8,127,39,0,0,31,8,True,0,0,1046.5498430421576,1293.1200026127044
d8-w32-p8,8,32,8,128,40,10,0,27,5,False,60,710,1162.2924734838307,1456.0615941591093
d8-w32-p8,8,32,8,129,40,3,1,28,12,False,60,22,1110.4776575230062,1431.0372302134056
d8-w32-p8,8,32,8,130,40,8,1,27,12,False,0,416,1102.4158650252502,1378.7547398125753
d8-w32-p8,8,32,8,131,40,2,1,34,13,False,10,18,1024.1892705089413,1426.1439650232205
d8-w32-p8,8,32,8,132,40,10,0,31,10,False,30,853,1096.4391175075434,1408.4452331793727
d8-w32-p8,8,32,8,133,39,0,0,32,11,True,0,0,1029.431102972012,1378.4772557148244
d8-w32-p8,8,32,8,134,40,6,1,30,14,False,60,186,1136.6970824892633,1439.7245531057706
d8-w32-p8,8,32,8,135,40,1,2,31,14,False,50,1,1048.8621969998349,1376.6785978572443
d8-w32-p8,8,32,8,136,40,10,0,35,9,False,30,709,1052.4030204978772,1368.1156121601816
d8-w32-p8,8,32,8,137,40,10,0,32,9,False,60,761,1097.0487734884955,1335.915196625865
d8-w32-p8,8,32,8,138,40,1,1,27,10,False,30,1,1110.4218089894857,1414.1903381445445
d8-w32-p8,8,32,8,139,40,1,1,33,14,False,40,2,1070.953329501208,1372.961526821018
d8-w32-p8,8,32,8,140,40,1,1,34,14,False,40,2,1121.6344480053522,1396.1795685871036
d8-w32-p8,8,32,8,141,40,3,1,31,10,False,20,14,1028.138088004198,1426.514125999529
d8-w32-p8,8,32,8,142,40,1,2,30,12,False,0,2,1128.6213470448274,1406.0312277870253
d8-w32-p8,8,32,8,143,40,10,0,30,13,False,10,791,1066.6795760043897,1349.084230014705
d8-w32-p8,8,32,8,144,40,1,1,34,14,False,30,1,1099.2039940028917,1391.6318709438199
d8-w32-p8,8,32,8,145,40,10,0,32,14,False,0,548,1205.7204635057133,1404.2257664172212
d8-w32-p8,8,32,8,146,40,2,1,31,9,False,0,8,1013.3925389964134,1285.2510028227698
d8-w32-p8,8,32,8,147,40,2,1,32,10,False,0,6,1018.3494675147813,1235.1985601795602
d8-w32-p8,8,32,8,148,40,10,0,30,9,False,0,874,1013.9546864957083,1193.0418519856175
d8-w32-p8,8,32,8,149,40,10,0,31,11,False,0,794,1029.016774496995,1241.6833374736598
d8-w32-p8,8,32,8,150,40,11,0,29,14,False,10,775,998.5826360061765,1211.3701948255766
d8-w32-p8,8,32,8,151,40,11,0,27,7,False,10,1035,990.9090845321771,1217.9152698023242
d8-w32-p8,8,32,8,152,40,5,1,33,13,False,60,94,966.2504459556658,1121.0731585480971
d8-w32-p16,8,32,16,123,40,10,0,30,10,False,40,542,1214.6922610118054,1437.57779407606
d8-w32-p16,8,32,16,124,40,6,1,32,9,False,30,191,1121.63661402883,1565.621660891338
d8-w32-p16,8,32,16,125,40,12,0,30,12,False,0,1006,1141.833093483001,1504.6396176039705
d8-w32-p16,8,32,16,126,40,1,2,32,9,False,10,1,1051.4073939993978,1529.8301033180906
d8-w32-p16,8,32,16,127,40,2,1,32,12,False,40,26,1128.531911992468,1588.6315792187816
d8-w32-p16,8,32,16,128,40,10,0,32,8,False,10,676,1143.165279965615,1485.62327963009
d8-w32-p16,8,32,16,129,40,12,0,32,11,False,20,1113,1229.6816699963529,1669.5221008791123
d8-w32-p16,8,32,16,130,40,10,0,31,8,False,60,586,1261.5438910142984,1517.0640583673958
d8-w32-p16,8,32,16,131,40,3,1,29,11,False,20,14,1171.2046389875468,1462.999500959995
d8-w32-p16,8,32,16,132,40,4,1,32,9,False,40,56,1215.4967464739457,1539.3828472733728
d8-w32-p16,8,32,16,133,40,1,2,32,11,False,10,1,1140.212062484352,1511.1624676006613
d8-w32-p16,8,32,16,134,40,2,1,28,14,False,10,5,1229.5780060230754,1523.6613454966573
d8-w32-p16,8,32,16,135,40,12,1,26,11,False,50,987,1072.7821564942133,1334.4435936305672
d8-w32-p16,8,32,16,136,40,3,1,34,15,False,10,25,1149.3680650019087,1389.3814919138092
d8-w32-p16,8,32,16,137,40,11,0,29,10,False,20,900,1187.5033189717215,1452.5229973485693
d8-w32-p16,8,32,16,138,40,10,0,32,10,False,10,561,1256.9888279831503,1478.0215580540241
d8-w32-p16,8,32,16,139,40,0,0,30,13,False,0,0,1157.646740990458,1522.1889461710814
d8-w32-p16,8,32,16,140,40,1,1,34,13,False,40,0,1164.9853299895767,1482.0506350020878
d8-w32-p16,8,32,16,141,40,1,1,30,9,False,40,2,1078.2186200085562,1602.6580971403746
d8-w32-p16,8,32,16,142,40,11,0,28,12,False,10,873,1167.1637349936645,1562.006262299837
d8-w32-p16,8,32,16,143,40,10,0,31,10,False,10,635,1243.239714007359,1484.5816888817353
d8-w32-p16,8,32,16,144,40,1,1,28,11,False,40,0,1093.1418484833557,1502.312183965114
d8-w32-p16,8,32,16,145,39,1,1,29,12,True,40,0,1149.0989350131713,1502.9789166641422
d8-w32-p16,8,32,16,146,40,13,0,33,9,False,40,1216,1195.7608020165935,1532.8336234844755
d8-w32-p16,8,32,16,147,40,3,1,31,13,False,10,25,1139.429534523515,1371.3099669665096
d8-w32-p16,8,32,16,148,40,2,1,28,12,False,50,7,1088.9340995054226,1331.4272871008143
d8-w32-p16,8,32,16,149,40,10,0,30,10,False,30,854,1068.8021820387803,1301.5621671656845
d8-w32-p16,8,32,16,150,40,1,1,28,14,False,40,0,1070.0558290118352,1298.3041942032287
d8-w32-p16,8,32,16,151,40,10,0,31,8,False,40,598,1066.8133744911756,1327.9883444221923
d8-w32-p16,8,32,16,152,40,10,1,30,10,False,50,649,1005.0980919913854,1359.450221969746
d8-w48-p8,8,48,8,123,40,10,0,29,10,False,20,989,1532.2865830094088,1966.2909816775937
d8-w48-p8,8,48,8,124,39,0,0,30,10,True,0,0,1495.2284779865295,1935.1106082613114
d8-w48-p8,8,48,8,125,40,5,1,34,15,False,50,160,1679.9425435019657,2172.889786044834
d8-w48-p8,8,48,8,126,40,10,0,32,9,False,20,562,1481.480308517348,1809.836069852463
d8-w48-p8,8,48,8,127,40,2,1,29,11,False,10,13,1505.584134021774,1875.8634934987638
d8-w48-p8,8,48,8,128,40,1,1,32,12,False,40,0,1565.5753034807276,1930.0993820361325
d8-w48-p8,8,48,8,129,40,0,0,32,13,False,0,0,1395.9022005146835,1844.9217552493792
d8-w48-p8,8,48,8,130,39,0,0,27,11,True,0,0,1492.1314700040966,1909.2060136783402
d8-w48-p8,8,48,8,131,40,0,0,32,14,False,0,0,1525.2540369983763,1971.324087108951
d8-w48-p8,8,48,8,132,40,10,0,30,9,False,0,685,1655.3317205107305,1966.3489424419822
d8-w48-p8,8,48,8,133,40,1,1,32,14,False,40,0,1482.725414505694,1898.7575246486813
d8-w48-p8,8,48,8,134,40,0,0,29,9,False,0,0,1353.0574364995118,1790.8739493839673
d8-w48-p8,8,48,8,135,40,1,1,33,13,False,10,1,1467.5868619815446,1963.6995129403658
d8-w48-p8,8,48,8,136,40,10,0,33,5,False,40,728,1631.5029959951062,1933.57874599169
d8-w48-p8,8,48,8,137,40,11,0,28,10,False,20,859,1523.9474944828544,2018.4101718128657
d8-w48-p8,8,48,8,138,40,1,2,25,11,False,60,2,1463.4678929869551,1886.9907188025536
d8-w48-p8,8,48,8,139,40,4,2,30,13,False,40,72,1456.5861985029187,1843.2173150533345
d8-w48-p8,8,48,8,140,40,2,1,31,12,False,40,8,1381.168790976517,1927.7067438262748
d8-w48-p8,8,48,8,141,40,8,1,29,9,False,30,464,1478.6552289733663,1835.1618467248045
d8-w48-p8,8,48,8,142,40,11,0,28,14,False,40,938,1442.9165924957488,1914.7747090959456
d8-w48-p8,8,48,8,143,40,2,1,28,13,False,10,5,1479.4350459997077,1970.3128552937414
d8-w48-p8,8,48,8,144,40,0,0,30,12,False,0,0,1480.5229934863746,1966.8880715355044
d8-w48-p8,8,48,8,145,40,1,1,30,12,False,40,0,1498.869827017188,1816.5154747810448
d8-w48-p8,8,48,8,146,40,2,2,32,11,False,10,21,1519.2233879934065,1933.1412913947133
d8-w48-p8,8,48,8,147,40,0,0,31,14,False,0,0,1418.52182301227,1805.1867257454433
d8-w48-p8,8,48,8,148,40,1,1,33,9,False,30,1,1453.6485419957899,1864.1786124848293
d8-w48-p8,8,48,8,149,39,0,0,29,9,True,0,0,1485.7694910024293,1661.5537866251543
d8-w48-p8,8,48,8,150,39,0,0,32,12,True,0,0,1431.740797997918,1686.555159924319
d8-w48-p8,8,48,8,151,40,6,1,31,11,False,20,130,1389.0869220194872,1744.333030897542
d8-w48-p8,8,48,8,152,40,1,1,30,11,False,40,2,1398.6619169882033,1750.8779508614678
d8-w48-p16,8,48,16,123,40,0,0,30,12,False,0,0,1631.7149759852327,2052.878863981459
d8-w48-p16,8,48,16,124,40,10,0,29,9,False,30,789,1615.5368385079782,2103.3117172861234
d8-w48-p16,8,48,16,125,39,0,0,31,14,True,0,0,1574.3258320144378,2061.193571932381
d8-w48-p16,8,48,16,126,40,12,0,29,12,False,20,1089,1542.2002125123981,1912.4027526850114
d8-w48-p16,8,48,16,127,40,11,0,32,8,False,40,784,1673.4857659903355,2075.819465678069
d8-w48-p16,8,48,16,128,40,8,1,29,13,False,50,459,1555.7298824714962,1966.02998629387
d8-w48-p16,8,48,16,129,40,8,1,30,10,False,40,492,1536.83040899341,2099.816612972063
d8-w48-p16,8,48,16,130,40,0,0,27,15,False,0,0,1546.8537375272717,2001.3187545206163
d8-w48-p16,8,48,16,131,40,11,0,31,11,False,20,970,1651.597263495205,2175.7090425497154
d8-w48-p16,8,48,16,132,40,3,1,31,10,False,40,30,1626.585771999089,2114.0000417624833
d8-w48-p16,8,48,16,133,39,0,0,31,13,True,0,0,1599.6761879650876,2067.9889348510187
d8-w48-p16,8,48,16,134,40,11,0,26,10,False,40,1069,1619.8443874891382,2093.3393766725203
d8-w48-p16,8,48,16,135,40,1,1,26,10,False,40,0,1434.2237880046014,2049.508969573071
d8-w48-p16,8,48,16,136,40,11,0,31,10,False,60,1252,1632.0752234896645,2124.1264238691656
d8-w48-p16,8,48,16,137,40,10,0,27,11,False,30,903,1618.8942400331143,1927.9548530786997
d8-w48-p16,8,48,16,138,40,10,0,30,6,False,50,571,1676.394698471995,2041.4126642863264
d8-w48-p16,8,48,16,139,40,10,0,31,15,False,50,819,1666.6419795074034,2161.8765369115863
d8-w48-p16,8,48,16,140,40,11,0,32,11,False,60,922,1697.1924270037562,2199.328562535811
d8-w48-p16,8,48,16,141,40,1,2,30,9,False,10,1,1626.0161785176024,2183.065822275239
d8-w48-p16,8,48,16,142,40,2,1,31,11,False,0,6,1670.3759349766187,2138.83539167291
d8-w48-p16,8,48,16,143,39,0,0,26,14,True,0,0,1535.5296229827218,1983.4261275071187
d8-w48-p16,8,48,16,144,40,0,0,35,12,False,0,0,1736.2180475029163,2240.43139530404
d8-w48-p16,8,48,16,145,40,11,0,31,10,False,60,1169,1630.0954805046786,2095.6102995522087
d8-w48-p16,8,48,16,146,40,10,0,30,6,False,20,1082,1628.264957020292,2106.2622240366177
d8-w48-p16,8,48,16,147,40,1,1,33,12,False,30,1,1457.8849909594283,1866.3451067346614
d8-w48-p16,8,48,16,148,40,10,0,33,7,False,20,648,1491.7155304865446,1812.5340311817126
d8-w48-p16,8,48,16,149,40,10,0,32,7,False,50,886,1527.197814983083,1932.3914276988944
d8-w48-p16,8,48,16,150,40,0,0,33,10,False,0,0,1488.9995089906733,1761.6299692454047
d8-w48-p16,8,48,16,151,40,10,0,31,10,False,30,689,1424.0028629719745,1852.5116277858615
d8-w48-p16,8,48,16,152,40,10,0,30,10,False,40,811,1444.8545385093894,1892.3258844210065
d10-w24-p8,10,24,8,123,40,10,0,30,9,False,60,762,1153.5485964850523,1470.6733186554627
d10-w24-p8,10,24,8,124,40,7,1,34,6,False,10,377,1117.1777820272837,1350.0513014470926
d10-w24-p8,10,24,8,125,40,1,1,27,15,False,30,1,1105.5083134851884,1425.0647510110866
d10-w24-p8,10,24,8,126,40,10,0,30,13,False,40,803,1132.4404844781384,1466.9375417754054
d10-w24-p8,10,24,8,127,40,3,1,29,11,False,20,24,1060.2953975030687,1343.403024226427
d10-w24-p8,10,24,8,128,40,10,0,33,10,False,20,872,1160.7660504523665,1457.5473060889635
d10-w24-p8,10,24,8,129,40,1,1,29,9,False,40,0,1037.3544730246067,1318.8090335286686
d10-w24-p8,10,24,8,130,40,5,1,29,15,False,50,83,1075.28143649688,1388.7575472181197
d10-w24-p8,10,24,8,131,39,0,0,30,7,True,0,0,1066.5536480373703,1463.8941004814114
d10-w24-p8,10,24,8,132,40,1,1,30,14,False,40,0,1100.0410874839872,1341.7275812476873
d10-w24-p8,10,24,8,133,40,10,0,30,13,False,60,644,1132.2529744938947,1332.5937504792819
d10-w24-p8,10,24,8,134,40,10,0,28,8,False,0,830,1184.197137976298,1338.3669660717715
d10-w24-p8,10,24,8,135,40,1,1,32,9,False,10,1,1012.0977400219999,1329.0703362203203
d10-w24-p8,10,24,8,136,40,10,0,32,10,False,20,652,1168.5422625159845,1467.9723097215171
d10-w24-p8,10,24,8,137,40,11,0,27,11,False,20,1038,1157.6541425311007,1417.6412191649433
d10-w24-p8,10,24,8,138,40,1,1,28,10,False,40,0,1089.444180513965,1397.8960206906775
d10-w24-p8,10,24,8,139,40,10,0,30,9,False,50,533,1205.5852005141787,1414.3985801347299
d10-w24-p8,10,24,8,140,40,10,0,32,9,False,10,708,1120.0152154779062,1425.893088945304
d10-w24-p8,10,24,8,141,40,2,1,30,8,False,10,5,1087.9517394932918,1438.7178374978248
d10-w24-p8,10,24,8,142,40,11,0,30,12,False,30,935,1044.9476424837485,1422.1119976311456
d10-w24-p8,10,24,8,143,40,11,0,29,13,False,10,1034,1146.986333973473,1402.1533585328139
d10-w24-p8,10,24,8,144,40,11,0,33,8,False,10,809,1158.3435560169164,1309.9906762508908
d10-w24-p8,10,24,8,145,40,7,1,30,13,False,60,218,1071.414136007661,1379.4539066962896
d10-w24-p8,10,24,8,146,40,11,0,30,9,False,20,1187,1077.792739495635,1422.7131153951632
d10-w24-p8,10,24,8,147,40,0,0,28,16,False,0,0,1082.9835579788778,1269.399518088903
d10-w24-p8,10,24,8,148,40,13,0,32,11,False,10,1077,1074.9312985280994,1221.6240009089233
d10-w24-p8,10,24,8,149,40,11,0,30,12,False,30,827,1062.9931059957016,1216.9206686259713
d10-w24-p8,10,24,8,150,40,0,0,35,11,False,0,0,1072.708297491772,1248.9630182855763
d10-w24-p8,10,24,8,151,40,3,1,32,10,False,60,24,976.8232665082905,1253.034441365162
d10-w24-p8,10,24,8,152,40,2,1,28,12,False,10,5,958.7952800211497,1233.0844877986237
d10-w24-p16,10,24,16,123,40,1,1,30,11,False,40,0,1237.4993744888343,1600.7539573998656
d10-w24-p16,10,24,16,124,40,2,1,33,9,False,40,12,1256.7863559816033,1561.2358104583107
d10-w24-p16,10,24,16,125,40,10,0,32,10,False,0,634,1340.5191315105185,1593.9508516195929
d10-w24-p16,10,24,16,126,40,10,0,33,10,False,60,652,1365.0916760088876,1510.0336393690668
d10-w24-p16,10,24,16,127,40,5,2,29,12,False,30,79,1183.3280400314834,1575.7701350114075
d10-w24-p16,10,24,16,128,40,10,0,30,8,False,40,630,1324.5854820124805,1552.7988963847747
d10-w24-p16,10,24,16,129,39,0,0,30,11,True,0,0,1232.2808080352843,1525.304490904091
d10-w24-p16,10,24,16,130,40,0,0,28,15,False,0,0,1252.4285569961648,1551.922979854862
d10-w24-p16,10,24,16,131,40,10,0,29,8,False,60,676,1206.7551994987298,1508.2682771171676
d10-w24-p16,10,24,16,132,40,2,1,31,15,False,10,5,1179.7858910285868,1483.4288430341985
d10-w24-p16,10,24,16,133,40,10,0,27,12,False,10,904,1276.2407709960826,1455.2435170451645
d10-w24-p16,10,24,16,134,40,10,0,30,10,False,50,729,1319.8245904932264,1528.0285315326182
d10-w24-p16,10,24,16,135,40,1,1,32,9,False,10,1,1173.4377804968972,1486.6006306081545
d10-w24-p16,10,24,16,136,40,0,0,34,12,False,0,0,1231.9615029846318,1527.8368831117405
d10-w24-p16,10,24,16,137,40,10,0,29,11,False,40,1191,1228.128844522871,1549.8062002967342
d10-w24-p16,10,24,16,138,39,0,0,31,13,True,0,0,1251.5906739863567,1578.6809053912293
d10-w24-p16,10,24,16,139,40,1,1,32,12,False,40,0,1251.4027649885975,1928.810580004938
d10-w24-p16,10,24,16,140,40,0,0,32,11,False,0,0,1315.3988829872105,1596.2213004328078
d10-w24-p16,10,24,16,141,40,4,1,29,8,False,60,93,1250.5865315033589,1559.6755311620652
d10-w24-p16,10,24,16,142,40,4,1,28,11,False,0,62,1294.5154339831788,1598.3378549921324
d10-w24-p16,10,24,16,143,40,4,1,33,18,False,60,72,1241.0883485281374,1551.115043638856
d10-w24-p16,10,24,16,144,40,10,0,30,9,False,40,806,1247.8376484941691,1600.8429367648205
d10-w24-p16,10,24,16,145,40,0,0,32,13,False,0,0,1225.5734654900152,1508.8102099485695
d10-w24-p16,10,24,16,146,40,1,1,31,10,False,40,0,1247.6750419882592,1509.50633706816
d10-w24-p16,10,24,16,147,40,0,0,30,11,False,0,0,1167.3141780192964,1496.8177680071676
d10-w24-p16,10,24,16,148,40,10,0,31,11,False,60,666,1162.733153993031,1358.2277186884312
d10-w24-p16,10,24,16,149,40,2,1,33,12,False,0,6,1122.3057195020374,1345.2101265167585
d10-w24-p16,10,24,16,150,40,1,1,32,13,False,40,0,1094.693607534282,1330.3634781972505
d10-w24-p16,10,24,16,151,40,10,0,33,8,False,50,735,1117.607511492679,1334.6066896570846
d10-w24-p16,10,24,16,152,40,1,1,30,9,False,40,0,1114.093766984297,1406.4168320415774
d10-w32-p8,10,32,8,123,40,10,0,32,11,False,60,723,1385.3011339961085,1721.9022080942523
d10-w32-p8,10,32,8,124,40,3,1,31,10,False,10,15,1266.9850670208689,1655.359389670775
d10-w32-p8,10,32,8,125,40,0,0,30,14,False,0,0,1378.5189980117138,1882.779198724893
d10-w32-p8,10,32,8,126,40,2,1,32,12,False,0,6,1401.2419155042153,1720.7376781967469
d10-w32-p8,10,32,8,127,40,1,2,32,11,False,0,4,1330.9688494773582,1691.1377302982146
d10-w32-p8,10,32,8,128,40,1,1,31,11,False,40,2,1427.1999335323926,1849.9177859601332
d10-w32-p8,10,32,8,129,40,2,2,31,11,False,40,6,1448.5402519931085,1801.9418374693487
d10-w32-p8,10,32,8,130,40,0,0,27,12,False,0,0,1406.8251225107815,1721.2257644452618
d10-w32-p8,10,32,8,131,40,2,1,30,12,False,50,7,1331.396620516898,1743.081738523324
d10-w32-p8,10,32,8,132,40,13,0,31,11,False,0,1320,1370.0166389753576,1727.0614100038074
d10-w32-p8,10,32,8,133,40,11,0,31,6,False,50,799,1446.0674369765911,1779.2878390289843
d10-w32-p8,10,32,8,134,40,2,1,27,13,False,0,8,1463.5619120090269,1706.0136412474094
d10-w32-p8,10,32,8,135,40,11,1,30,11,False,40,750,1405.7549450080842,1766.297451587161
d10-w32-p8,10,32,8,136,40,4,1,34,9,False,60,141,1458.689539518673,1722.5918449548772
d10-w32-p8,10,32,8,137,40,11,0,30,12,False,50,1150,1405.401500989683,1740.3488128562458
d10-w32-p8,10,32,8,138,40,1,1,31,6,False,40,2,1332.9753150173929,1745.3135614778148
d10-w32-p8,10,32,8,139,40,1,1,32,11,False,40,2,1395.0429739779793,1774.3428697081981
d10-w32-p8,10,32,8,140,40,2,1,32,12,False,10,7,1469.8812845163047,1760.3953203448327
d10-w32-p8,10,32,8,141,40,6,1,27,12,False,0,144,1365.3567674919032,1754.4869994948383
d10-w32-p8,10,32,8,142,40,2,1,32,14,False,10,5,1425.7274350093212,1739.1685599694028
d10-w32-p8,10,32,8,143,40,10,0,31,7,False,20,682,1374.666953983251,1688.5910565848462
d10-w32-p8,10,32,8,144,40,1,1,34,14,False,30,1,1360.9879214782268,1708.4639543783849
d10-w32-p8,10,32,8,145,40,10,0,32,14,False,0,548,1547.2970709961373,1768.3310914959293
d10-w32-p8,10,32,8,146,40,6,1,34,12,False,40,236,1386.003855499439,1662.7469834522344
d10-w32-p8,10,32,8,147,40,10,0,31,7,False,0,704,1307.2020314866677,1579.0483594726538
d10-w32-p8,10,32,8,148,40,0,0,30,10,False,0,0,1340.969404525822,1572.173589153681
d10-w32-p8,10,32,8,149,40,5,2,34,11,False,30,99,1367.382919008378,1632.9824926477156
d10-w32-p8,10,32,8,150,40,7,1,29,12,False,50,463,1279.7658724884968,1680.2549363696016
d10-w32-p8,10,32,8,151,40,10,0,33,8,False,40,824,1278.3235849638004,1605.7600896805525
d10-w32-p8,10,32,8,152,40,3,1,32,11,False,10,19,1264.8752539826091,1562.96105881338
d10-w32-p16,10,32,16,123,40,10,0,30,10,False,40,542,1645.5830319900997,1817.7758404839549
d10-w32-p16,10,32,16,124,40,10,0,31,6,False,10,733,1584.1611035284586,1911.9756506726844
d10-w32-p16,10,32,16,125,40,10,0,28,13,False,30,714,1550.2553335099947,1744.5776723587187
d10-w32-p16,10,32,16,126,40,2,1,30,12,False,0,10,1526.3540754676796,2011.1475701269228
d10-w32-p16,10,32,16,127,40,0,0,32,8,False,0,0,1502.8464969946072,1888.4749105985975
d10-w32-p16,10,32,16,128,39,0,0,26,9,True,0,0,1517.8308910108171,1989.369560609339
d10-w32-p16,10,32,16,129,40,0,0,30,13,False,0,0,1446.7879699950572,2118.3084550924827
d10-w32-p16,10,32,16,130,40,10,0,31,11,False,20,664,1666.704415983986,1901.4488745102426
d10-w32-p16,10,32,16,131,40,11,0,28,10,False,60,884,1509.2152415018063,1894.1859779966762
d10-w32-p16,10,32,16,132,40,2,1,31,13,False,0,6,1400.737187534105,2007.4306528549641
d10-w32-p16,10,32,16,133,40,0,0,31,12,False,0,0,1506.0106910241302,1883.2879867200973
d10-w32-p16,10,32,16,134,40,2,1,28,9,False,10,5,1477.72246049135,1884.4915148161817
d10-w32-p16,10,32,16,135,40,1,1,30,12,False,40,0,1390.9905815089587,1941.9883080699944
d10-w32-p16,10,32,16,136,40,11,0,32,11,False,10,1142,1550.6775280227885,1972.015505793388
d10-w32-p16,10,32,16,137,40,1,1,29,14,False,40,0,1509.5736750226934,1911.040429805871
d10-w32-p16,10,32,16,138,40,1,1,32,9,False,30,1,1561.1223214946222,1920.9435134980595
d10-w32-p16,10,32,16,139,40,0,0,30,13,False,0,0,1500.4559764929581,1930.6497005949493
d10-w32-p16,10,32,16,140,40,1,1,30,12,False,50,5,1552.3042469867505,1936.0897403064882
d10-w32-p16,10,32,16,141,40,9,2,28,9,False,60,632,1465.493237512419,1831.8552564654965
d10-w32-p16,10,32,16,142,40,10,0,31,11,False,30,817,1583.928175008623,1976.1562381929252
d10-w32-p16,10,32,16,143,40,11,0,28,14,False,10,851,1535.8685420069378,1985.1346687588375
d10-w32-p16,10,32,16,144,40,4,1,30,7,False,0,85,1440.5584234918933,1847.502158183488
d10-w32-p16,10,32,16,145,39,1,1,29,12,True,40,0,1525.6827599951066,1877.083697845228
d10-w32-p16,10,32,16,146,40,2,1,33,11,False,10,5,1567.1492955007125,2012.0983021217396
d10-w32-p16,10,32,16,147,40,1,1,31,11,False,30,1,1324.8718395188916,1769.3846863985527
d10-w32-p16,10,32,16,148,40,2,1,30,11,False,10,5,1405.7257090171333,1690.9700815274846
d10-w32-p16,10,32,16,149,40,11,0,34,10,False,0,954,1448.6561285157222,1729.7893752373056
d10-w32-p16,10,32,16,150,40,5,1,31,11,False,20,148,1345.3867095231544,1653.3545587793924
d10-w32-p16,10,32,16,151,40,11,0,32,13,False,0,702,1348.1761984585319,1648.879092108109
d10-w32-p16,10,32,16,152,40,10,0,32,14,False,30,575,1332.9337894974742,1775.9046221937751
d10-w48-p8,10,48,8,123,40,4,1,32,12,False,0,44,1982.4677829747088,2573.90421940363
d10-w48-p8,10,48,8,124,40,1,2,32,9,False,30,5,1889.0468674944714,2525.6866874580737
d10-w48-p8,10,48,8,125,40,11,0,30,13,False,60,1107,2028.1679985055234,2520.7765206490876
d10-w48-p8,10,48,8,126,40,2,1,28,11,False,40,8,1925.6903000059538,2391.0793584102066
d10-w48-p8,10,48,8,127,40,10,0,33,11,False,50,971,1972.094051016029,2614.362402126426
d10-w48-p8,10,48,8,128,40,1,1,28,12,False,40,0,1988.3020565030165,2446.847162995254
d10-w48-p8,10,48,8,129,40,1,1,32,12,False,30,3,1921.461657009786,2353.9773478842108
d10-w48-p8,10,48,8,130,39,0,0,27,11,True,0,0,1980.7436219998635,2418.2545520947315
d10-w48-p8,10,48,8,131,40,0,0,29,12,False,0,0,1962.2157730045728,2475.711724848952
d10-w48-p8,10,48,8,132,40,10,0,30,10,False,10,695,2188.3149450004566,2518.361086366349
d10-w48-p8,10,48,8,133,40,3,2,30,10,False,30,21,1943.1709905038588,2553.035103651928
d10-w48-p8,10,48,8,134,40,11,0,29,18,False,50,1088,2107.5737774954177,2578.4757575427643
d10-w48-p8,10,48,8,135,40,10,1,27,6,False,10,584,1931.566149025457,2365.155318597681
d10-w48-p8,10,48,8,136,40,0,0,35,11,False,0,0,1895.8197380125057,2403.4740862000035
d10-w48-p8,10,48,8,137,40,12,0,29,11,False,20,1296,1972.2413330164272,2494.679981225636
d10-w48-p8,10,48,8,138,40,1,1,29,11,False,30,1,1969.741756503936,2600.2754249318964
d10-w48-p8,10,48,8,139,39,0,0,29,13,True,0,0,1939.607325999532,2682.108252699254
d10-w48-p8,10,48,8,140,40,11,0,28,8,False,40,872,1940.6254744972102,2480.7914835051633
d10-w48-p8,10,48,8,141,40,1,1,31,7,False,40,0,1900.1130309770815,2464.6344581211447
d10-w48-p8,10,48,8,142,40,1,1,30,10,False,40,0,2033.9826780254953,2511.1877995805116
d10-w48-p8,10,48,8,143,40,2,1,30,13,False,0,8,1868.8752235029824,2451.254434810835
d10-w48-p8,10,48,8,144,40,0,0,30,12,False,0,0,1957.9185894981492,2540.1823995402083
d10-w48-p8,10,48,8,145,40,10,0,25,12,False,50,783,2003.5759154998232,2388.0883800709853
d10-w48-p8,10,48,8,146,40,2,1,31,9,False,0,24,2038.120067998534,2520.4026743536815
d10-w48-p8,10,48,8,147,40,10,1,33,12,False,10,698,1913.1851344718598,2248.378239237354
d10-w48-p8,10,48,8,148,40,1,1,29,7,False,30,1,1927.4720724788494,2269.1769957426004
d10-w48-p8,10,48,8,149,40,1,1,27,15,False,40,0,1929.0935954777524,2302.7860605216115
d10-w48-p8,10,48,8,150,40,10,1,32,11,False,20,720,1817.772710492136,2205.1045661064563
d10-w48-p8,10,48,8,151,40,1,3,29,9,False,50,1,1865.7892880146392,2184.2245438107057
d10-w48-p8,10,48,8,152,40,10,1,31,12,False,30,664,1794.881108973641,2282.9993638937594
d10-w48-p16,10,48,16,123,40,10,0,34,11,False,40,684,2303.1491955334786,2598.780519436695
d10-w48-p16,10,48,16,124,40,0,0,32,10,False,0,0,1964.1752680181526,2510.855719543178
d10-w48-p16,10,48,16,125,40,13,0,28,11,False,30,1209,2114.886376512004,2444.207624730188
d10-w48-p16,10,48,16,126,40,0,0,28,11,False,0,0,2033.7794149818365,2599.9910767364777
d10-w48-p16,10,48,16,127,39,0,0,32,13,True,0,0,2090.2971450123005,2907.7837645774707
d10-w48-p16,10,48,16,128,40,5,1,31,11,False,30,77,1993.5111124941614,2579.458186347619
d10-w48-p16,10,48,16,129,40,2,1,28,10,False,10,5,1932.9121309856419,2750.8093840937363
d10-w48-p16,10,48,16,130,40,2,1,27,11,False,10,5,2030.1432170090266,2826.56152927957
d10-w48-p16,10,48,16,131,40,11,0,31,12,False,60,872,2103.578855516389,2679.3416776665254
d10-w48-p16,10,48,16,132,40,10,0,30,10,False,50,777,2293.0152945045847,2675.9445582079934
d10-w48-p16,10,48,16,133,40,3,2,30,10,False,30,21,2011.3585249928292,2735.877776014968
d10-w48-p16,10,48,16,134,40,10,0,27,12,False,20,682,2212.0356335071847,2645.3339026047615
d10-w48-p16,10,48,16,135,40,1,2,28,8,False,10,1,1872.46780199348,2448.735630468582
d10-w48-p16,10,48,16,136,40,10,0,35,8,False,10,639,2250.2976350078825,2675.3032284614164
d10-w48-p16,10,48,16,137,40,10,0,30,11,False,0,1150,2064.2243580077775,2635.034250875469
d10-w48-p16,10,48,16,138,40,7,1,33,9,False,20,204,2089.214933483163,2631.0769362928113
d10-w48-p16,10,48,16,139,40,1,2,29,12,False,0,2,2104.6156020020135,2558.589234162355
d10-w48-p16,10,48,16,140,40,9,1,31,9,False,20,532,1957.753391994629,2632.1131042815973
d10-w48-p16,10,48,16,141,40,2,1,28,10,False,10,5,2009.7384109976701,2521.8741005519405
d10-w48-p16,10,48,16,142,39,0,0,27,9,True,0,0,2192.1534910215996,2724.687883630395
d10-w48-p16,10,48,16,143,40,1,1,30,11,False,40,0,2067.7960329921916,2614.179675042396
d10-w48-p16,10,48,16,144,40,10,0,32,9,False,0,656,2172.745133488206,2656.026151639526
d10-w48-p16,10,48,16,145,40,3,1,31,14,False,40,20,1776.918405026663,2454.263002128573
d10-w48-p16,10,48,16,146,40,10,0,27,8,False,20,685,2054.3944884848315,2695.816758138244
d10-w48-p16,10,48,16,147,39,0,0,29,10,True,0,0,2059.4313649926335,2490.246083488455
d10-w48-p16,10,48,16,148,40,11,0,32,6,False,40,716,1972.5340869918,2547.847691969946
d10-w48-p16,10,48,16,149,40,10,0,29,11,False,30,779,2062.2201155056246,2437.7625495806565
d10-w48-p16,10,48,16,150,40,1,1,33,13,False,40,0,2072.4083139793947,2442.7742081345054
d10-w48-p16,10,48,16,151,40,1,1,31,11,False,30,1,1988.0799734964967,2334.770746427239
d10-w48-p16,10,48,16,152,40,7,1,33,13,False,0,261,1997.4040719971526,2411.519549571676
